Index,Time Difference
1,0.120013952255249
2,0.120013952255249
3,0.120013952255249
4,0.051913022994995
5,0.051913022994995
6,0.051913022994995
7,0.013206958770752
8,0.013206958770752
9,0.013206958770752
10,0.005908012390137
11,0.005908012390137
12,0.005908012390137
13,0.008959054946899
14,0.008959054946899
15,0.008959054946899
16,0.004645109176636
17,0.004645109176636
18,0.004645109176636
19,0.013590097427368
20,0.013590097427368
21,0.01581883430481
22,0.01581883430481
23,0.01581883430481
24,0.011512041091919
25,0.011512041091919
26,0.011512041091919
27,0.007360935211182
28,0.007360935211182
29,0.007360935211182
30,0.007111072540283
31,0.007111072540283
32,0.007111072540283
33,0.015844821929932
34,0.015844821929932
35,0.015844821929932
36,0.000881910324097
37,0.000881910324097
38,0.000881910324097
39,0.012614965438843
40,0.012614965438843
41,0.012614965438843
42,0.014211893081665
43,0.014211893081665
44,0.014211893081665
45,0.020308971405029
46,0.020308971405029
47,0.020308971405029
48,0.00575590133667
49,0.00575590133667
50,0.007832050323486
51,0.007832050323486
52,0.01460599899292
53,0.01460599899292
54,0.01460599899292
55,0.01367998123169
56,0.01367998123169
57,0.01367998123169
58,0.021291017532349
59,0.021291017532349
60,0.021291017532349
61,0.014874935150147
62,0.014874935150147
63,-0.000869989395142
64,-0.000869989395142
65,-0.000869989395142
66,0.006093978881836
67,0.006093978881836
68,0.006093978881836
69,0.010308027267456
70,0.010308027267456
71,0.010308027267456
72,-0.000895977020264
73,-0.000895977020264
74,-0.000895977020264
75,0.002860069274902
76,0.002860069274902
77,0.018609046936035
78,0.018609046936035
79,0.018609046936035
80,0.005841016769409
81,0.005841016769409
82,0.005841016769409
83,0.033591032028198
84,0.033591032028198
85,-0.003138065338135
86,-0.003138065338135
87,0.009143114089966
88,0.009143114089966
89,0.009996891021729
90,0.009996891021729
91,0.009996891021729
92,0.01333212852478
93,0.01333212852478
94,0.017024993896484
95,0.017024993896484
96,0.017024993896484
97,0.01973295211792
98,0.01973295211792
99,0.01973295211792
100,-0.00220799446106
101,-0.00220799446106
102,0.011500120162964
103,0.011500120162964
104,0.011500120162964
105,-0.004317045211792
106,-0.004317045211792
107,0.006035804748535
108,0.006035804748535
109,0.017766952514649
110,0.017766952514649
111,0.017766952514649
112,0.002463817596436
113,0.002463817596436
114,0.002463817596436
115,0.011710166931152
116,0.011710166931152
117,0.011710166931152
118,0.003422021865845
119,0.003422021865845
120,0.003422021865845
121,0.021005868911743
122,0.021005868911743
123,0.021005868911743
124,0.013718128204346
125,0.013718128204346
126,0.013718128204346
127,0.016041994094849
128,0.016041994094849
129,0.007725954055786
130,0.007725954055786
131,0.007725954055786
132,0.000653982162476
133,0.000653982162476
134,0.015932083129883
135,0.015932083129883
136,0.004969835281372
137,0.004969835281372
138,0.004969835281372
139,0.015966892242432
140,0.015966892242432
141,0.015966892242432
142,0.006722211837769
143,0.006722211837769
144,0.006722211837769
145,0.010976076126099
146,0.010976076126099
147,0.009712934494019
148,0.009712934494019
149,0.009712934494019
150,0.010042905807495
151,0.010042905807495
152,0.010751008987427
153,0.010751008987427
154,0.010751008987427
155,-0.006372928619385
156,-0.006372928619385
157,0.025676965713501
158,0.025676965713501
159,0.032673120498657
160,0.032673120498657
161,0.005402088165283
162,0.005402088165283
163,0.034615993499756
164,0.034615993499756
165,0.034615993499756
166,0.036551952362061
167,0.036551952362061
168,0.036551952362061
169,0.031792879104614
170,0.031792879104614
171,0.031792879104614
172,0.016050100326538
173,0.016050100326538
174,0.016050100326538
175,0.008775949478149
176,0.008775949478149
177,0.008775949478149
178,0.00653600692749
179,0.00653600692749
180,0.00653600692749
181,0.020523071289063
182,0.020523071289063
183,0.020523071289063
184,0.017552137374878
185,0.017552137374878
186,0.040478944778442
187,0.040478944778442
188,0.011508941650391
189,0.011508941650391
190,0.00285005569458
191,0.00285005569458
192,0.00285005569458
193,0.031278133392334
194,0.031278133392334
195,0.031278133392334
196,0.02026104927063
197,0.02026104927063
198,0.022603034973145
199,0.022603034973145
200,0.022603034973145
201,0.012730836868286
202,0.012730836868286
203,0.021006107330322
204,0.021006107330322
205,0.021006107330322
206,0.051258802413941
207,0.051258802413941
208,0.003162145614624
209,0.003162145614624
210,0.003162145614624
211,-0.004401922225952
212,-0.004401922225952
213,0.019187927246094
214,0.019187927246094
215,0.019187927246094
216,0.00818395614624
217,0.00818395614624
218,0.020485877990723
219,0.020485877990723
220,0.020485877990723
221,0.021548986434937
222,0.021548986434937
223,0.007665157318115
224,0.007665157318115
225,0.012768030166626
226,0.012768030166626
227,0.013864040374756
228,0.013864040374756
229,0.013864040374756
230,0.007611036300659
231,0.007611036300659
232,0.007611036300659
233,0.003488063812256
234,0.003488063812256
235,0.003488063812256
236,0.002294063568115
237,0.002294063568115
238,0.002294063568115
239,-0.00310492515564
240,-0.00310492515564
241,-0.00310492515564
242,0.009188175201416
243,0.009188175201416
244,0.002903938293457
245,0.002903938293457
246,0.002903938293457
247,0.026697158813477
248,0.026697158813477
249,0.026697158813477
250,0.017171144485474
251,0.017171144485474
252,0.017171144485474
253,0.014902114868164
254,0.014902114868164
255,0.014902114868164
256,0.012645959854126
257,0.012645959854126
258,0.012645959854126
259,0.017908096313477
260,0.017908096313477
261,0.017908096313477
262,0.018644094467163
263,0.018644094467163
264,0.018644094467163
265,0.006873846054077
266,0.006873846054077
267,0.001136779785156
268,0.001136779785156
269,0.011837005615234
270,0.011837005615234
271,0.011837005615234
272,0.003374099731445
273,0.003374099731445
274,0.003374099731445
275,0.011086940765381
276,0.011086940765381
277,0.011086940765381
278,0.00783109664917
279,0.00783109664917
280,0.00783109664917
281,0.009164810180664
282,0.009164810180664
283,0.003365993499756
284,0.003365993499756
285,0.023684978485108
286,0.023684978485108
287,0.011902809143066
288,0.011902809143066
289,-0.0068199634552
290,-0.0068199634552
291,0.014439105987549
292,0.014439105987549
293,0.014439105987549
294,0.010776042938233
295,0.010776042938233
296,0.000331878662109
297,0.000331878662109
298,0.000331878662109
299,0.019646167755127
300,0.019646167755127
301,0.019646167755127
302,0.019646167755127
303,0.004642963409424
304,0.004642963409424
305,0.003915071487427
306,0.003915071487427
307,0.003915071487427
308,0.006110191345215
309,0.006110191345215
310,0.006110191345215
311,0.007306098937988
312,0.007306098937988
313,0.007306098937988
314,-0.00332498550415
315,-0.00332498550415
316,0.015876770019531
317,0.015876770019531
318,0.009037971496582
319,0.009037971496582
320,0.112167119979858
321,0.112167119979858
322,0.112167119979858
323,0.000770092010498
324,0.000770092010498
325,0.000770092010498
326,0.030725955963135
327,0.030725955963135
328,0.030725955963135
329,0.028600931167603
330,0.028600931167603
331,0.028600931167603
332,0.009490013122559
333,0.009490013122559
334,-0.00479793548584
335,-0.00479793548584
336,-0.00479793548584
337,0.025757074356079
338,0.025757074356079
339,0.00470495223999
340,0.00470495223999
341,0.00470495223999
342,0.00470495223999
343,0.018732070922852
344,0.018732070922852
345,0.013427972793579
346,0.013427972793579
347,-0.00731897354126
348,-0.00731897354126
349,0.013286113739014
350,0.013286113739014
351,0.00984787940979
352,0.00984787940979
353,0.013376951217651
354,0.013376951217651
355,0.002645969390869
356,0.002645969390869
357,0.012843132019043
358,0.012843132019043
359,0.012843132019043
360,0.007127046585083
361,0.007127046585083
362,0.010746955871582
363,0.010746955871582
364,0.010746955871582
365,0.013787984848023
366,0.013787984848023
367,0.013787984848023
368,0.008055925369263
369,0.008055925369263
370,-0.004276037216187
371,-0.004276037216187
372,-0.004276037216187
373,0.018506050109863
374,0.018506050109863
375,0.018506050109863
376,-0.000509023666382
377,-0.000509023666382
378,0.014359951019287
379,0.014359951019287
380,0.014359951019287
381,0.019214868545532
382,0.019214868545532
383,0.019214868545532
384,0.012954950332642
385,0.012954950332642
386,0.012954950332642
387,-0.002753973007202
388,-0.002753973007202
389,-0.006510019302368
390,-0.006510019302368
391,0.001152038574219
392,0.001152038574219
393,0.001152038574219
394,0.013291835784912
395,0.013291835784912
396,0.013291835784912
397,0.004436016082764
398,0.004436016082764
399,0.100193023681641
400,0.100193023681641
401,0.011115074157715
402,0.011115074157715
403,0.013494968414307
404,0.013494968414307
405,0.026828050613403
406,0.026828050613403
407,0.026828050613403
408,0.025707960128784
409,0.025707960128784
410,0.025707960128784
411,-0.008203029632568
412,-0.008203029632568
413,0.003797054290771
414,0.003797054290771
415,0.027301788330078
416,0.027301788330078
417,0.014588832855225
418,0.014588832855225
419,0.029151916503906
420,0.029151916503906
421,0.054143905639649
422,0.054143905639649
423,0.054143905639649
424,0.001772165298462
425,0.001772165298462
426,0.001772165298462
427,0.010473012924194
428,0.010473012924194
429,0.002281904220581
430,0.002281904220581
431,0.014878034591675
432,0.014878034591675
433,0.009185791015625
434,0.009185791015625
435,0.005483865737915
436,0.005483865737915
437,0.018728971481323
438,0.018728971481323
439,0.011904001235962
440,0.011904001235962
441,-0.004961013793945
442,-0.004961013793945
443,-0.004961013793945
444,0.009874820709229
445,0.009874820709229
446,0.009874820709229
447,0.012307167053223
448,0.012307167053223
449,0.012307167053223
450,0.015900135040283
451,0.015900135040283
452,0.015900135040283
453,0.008341073989868
454,0.008341073989868
455,0.005231857299805
456,0.005231857299805
457,0.005231857299805
458,0.010992050170899
459,0.010992050170899
460,0.010992050170899
461,-0.000448942184448
462,-0.000448942184448
463,0.033243894577026
464,0.033243894577026
465,0.033243894577026
466,0.036139965057373
467,0.036139965057373
468,0.017863988876343
469,0.017863988876343
470,0.004013061523438
471,0.004013061523438
472,0.004013061523438
473,0.016913890838623
474,0.016913890838623
475,0.000223159790039
476,0.000223159790039
477,-0.000233888626099
478,-0.000233888626099
479,-0.000233888626099
480,-0.003098011016846
481,-0.003098011016846
482,0.016545057296753
483,0.016545057296753
484,0.020035982131958
485,0.020035982131958
486,0.020035982131958
487,0.04026198387146
488,0.04026198387146
489,0.030356884002686
490,0.030356884002686
491,0.005427837371826
492,0.005427837371826
493,-0.001121997833252
494,-0.001121997833252
495,0.021004915237427
496,0.021004915237427
497,-0.007116079330444
498,-0.007116079330444
499,0.00967001914978
500,0.00967001914978
501,0.00967001914978
502,0.004381895065308
503,0.004381895065308
504,0.004381895065308
505,0.007889986038208
506,0.007889986038208
507,0.007889986038208
508,0.005653142929077
509,0.005653142929077
510,0.005653142929077
511,0.000389099121094
512,0.000389099121094
513,0.000389099121094
514,0.00871205329895
515,0.00871205329895
516,0.008074998855591
517,0.008074998855591
518,0.008074998855591
519,0.014774084091187
520,0.014774084091187
521,0.014774084091187
522,-0.001534938812256
523,-0.001534938812256
524,-0.001534938812256
525,0.017054080963135
526,0.017054080963135
527,0.017054080963135
528,0.001837968826294
529,0.001837968826294
530,0.001837968826294
531,0.009284019470215
532,0.009284019470215
533,0.005699157714844
534,0.005699157714844
535,-0.009083986282349
536,-0.009083986282349
537,-0.000899076461792
538,-0.000899076461792
539,0.001834154129028
540,0.001834154129028
541,0.001834154129028
542,-0.000355005264282
543,-0.000355005264282
544,-0.000355005264282
545,0.017579078674316
546,0.017579078674316
547,0.017579078674316
548,0.008345127105713
549,0.008345127105713
550,0.008345127105713
551,-0.003035068511963
552,-0.003035068511963
553,0.012670040130615
554,0.012670040130615
555,0.012670040130615
556,0.009987115859985
557,0.009987115859985
558,0.009987115859985
559,0.010231018066406
560,0.010231018066406
561,0.028677940368652
562,0.028677940368652
563,0.028677940368652
564,0.010989904403687
565,0.010989904403687
566,0.030246019363403
567,0.030246019363403
568,0.030246019363403
569,-0.001086950302124
570,-0.001086950302124
571,-0.001086950302124
572,0.005680799484253
573,0.005680799484253
574,0.005680799484253
575,0.04393196105957
576,0.04393196105957
577,0.04393196105957
578,-0.006622076034546
579,-0.006622076034546
580,0.007454872131348
581,0.007454872131348
582,0.029309034347534
583,0.029309034347534
584,0.029309034347534
585,-0.005070924758911
586,-0.005070924758911
587,-0.005070924758911
588,-0.000654935836792
589,-0.000654935836792
590,-0.00063681602478
591,-0.00063681602478
592,0.007906913757324
593,0.007906913757324
594,-0.008774995803833
595,-0.008774995803833
596,0.006952047348022
597,0.006952047348022
598,0.006952047348022
599,0.009557008743286
600,0.009557008743286
601,0.009557008743286
602,-0.001653909683228
603,-0.001653909683228
604,-0.001653909683228
605,0.001284122467041
606,0.001284122467041
607,0.001284122467041
608,0.006855964660645
609,0.006855964660645
610,0.014140129089356
611,0.014140129089356
612,0.014140129089356
613,0.029229879379273
614,0.029229879379273
615,0.003741025924683
616,0.003741025924683
617,0.003741025924683
618,-0.00444483757019
619,-0.00444483757019
620,-0.00444483757019
621,0.019491910934448
622,0.019491910934448
623,0.032843112945557
624,0.032843112945557
625,0.032843112945557
626,0.019450902938843
627,0.019450902938843
628,0.019450902938843
629,0.026925086975098
630,0.026925086975098
631,0.026925086975098
632,0.010168075561524
633,0.010168075561524
634,0.010168075561524
635,0.00833797454834
636,0.00833797454834
637,-0.007023096084595
638,-0.007023096084595
639,-0.007023096084595
640,0.039180040359497
641,0.039180040359497
642,0.039180040359497
643,0.012545824050903
644,0.012545824050903
645,0.012545824050903
646,0.013568878173828
647,0.013568878173828
648,0.002197980880737
649,0.002197980880737
650,0.017735004425049
651,0.017735004425049
652,0.017735004425049
653,0.001471042633057
654,0.001471042633057
655,-0.002795934677124
656,-0.002795934677124
657,-0.002795934677124
658,-0.003736019134521
659,-0.003736019134521
660,-0.002458810806274
661,-0.002458810806274
662,0.000805139541626
663,0.000805139541626
664,0.002197027206421
665,0.002197027206421
666,0.002197027206421
667,0.009099960327148
668,0.009099960327148
669,0.009099960327148
670,0.003209114074707
671,0.003209114074707
672,0.00295615196228
673,0.00295615196228
674,0.00295615196228
675,0.01571798324585
676,0.01571798324585
677,0.01571798324585
678,0.003131866455078
679,0.003131866455078
680,0.003131866455078
681,0.012948036193848
682,0.012948036193848
683,0.012948036193848
684,0.000746011734009
685,0.000746011734009
686,0.000746011734009
687,0.003141164779663
688,0.003141164779663
689,0.003141164779663
690,-9.39369201660156E-05
691,-9.39369201660156E-05
692,-9.39369201660156E-05
693,0.006170034408569
694,0.006170034408569
695,0.027634859085083
696,0.027634859085083
697,0.006328105926514
698,0.006328105926514
699,0.006328105926514
700,0.009665966033936
701,0.009665966033936
702,0.008863925933838
703,0.008863925933838
704,0.016596078872681
705,0.016596078872681
706,0.016596078872681
707,-0.004071950912476
708,-0.004071950912476
709,0.005287885665894
710,0.005287885665894
711,0.015866994857788
712,0.015866994857788
713,0.015866994857788
714,0.02044415473938
715,0.02044415473938
716,0.02044415473938
717,0.008177042007446
718,0.008177042007446
719,0.008177042007446
720,0.009235858917236
721,0.009235858917236
722,0.008445024490356
723,0.008445024490356
724,0.008028984069824
725,0.008028984069824
726,0.008028984069824
727,0.003136873245239
728,0.003136873245239
729,0.003136873245239
730,0.005456924438477
731,0.005456924438477
732,0.012168884277344
733,0.012168884277344
734,0.012168884277344
735,-0.002784013748169
736,-0.002784013748169
737,0.059208154678345
738,0.059208154678345
739,0.059208154678345
740,0.042548894882202
741,0.042548894882202
742,0.042548894882202
743,0.052839994430542
744,0.052839994430542
745,0.052839994430542
746,0.04029393196106
747,0.04029393196106
748,0.04029393196106
749,0.005299091339111
750,0.005299091339111
751,0.005299091339111
752,0.007341861724854
753,0.007341861724854
754,0.007341861724854
755,0.007658004760742
756,0.007658004760742
757,0.038429021835327
758,0.038429021835327
759,0.038429021835327
760,0.012277126312256
761,0.012277126312256
762,0.012277126312256
763,0.013039827346802
764,0.013039827346802
765,-0.002299070358276
766,-0.002299070358276
767,-0.002299070358276
768,-0.005729913711548
769,-0.005729913711548
770,-0.002256870269775
771,-0.002256870269775
772,-0.002256870269775
773,0.006937980651855
774,0.006937980651855
775,0.006937980651855
776,-0.004959106445313
777,-0.004959106445313
778,-0.004959106445313
779,-0.006409883499146
780,-0.006409883499146
781,-0.006409883499146
782,0.010742902755737
783,0.010742902755737
784,0.001530885696411
785,0.001530885696411
786,0.001530885696411
787,0.020541906356812
788,0.020541906356812
789,0.020541906356812
790,-0.006124019622803
791,-0.006124019622803
792,-0.006124019622803
793,-0.000856876373291
794,-0.000856876373291
795,-0.000856876373291
796,0.023547172546387
797,0.023547172546387
798,0.049782991409302
799,0.049782991409302
800,0.027493953704834
801,0.027493953704834
802,0.027493953704834
803,-0.002247095108032
804,-0.002247095108032
805,-0.002247095108032
806,0.031720161437988
807,0.031720161437988
808,0.031720161437988
809,0.009951114654541
810,0.009951114654541
811,0.027980089187622
812,0.027980089187622
813,0.027980089187622
814,0.004669904708862
815,0.004669904708862
816,0.004669904708862
817,-0.001467943191528
818,-0.001467943191528
819,-0.001467943191528
820,0.016824007034302
821,0.016824007034302
822,0.016824007034302
823,-0.000931978225708
824,-0.000931978225708
825,-0.000931978225708
826,0.000185966491699
827,0.000185966491699
828,0.022044897079468
829,0.022044897079468
830,0.022044897079468
831,0.017175197601318
832,0.017175197601318
833,0.017175197601318
834,-0.005943059921265
835,-0.005943059921265
836,-0.005943059921265
837,0.042731046676636
838,0.042731046676636
839,0.042731046676636
840,0.037539005279541
841,0.037539005279541
842,0.037539005279541
843,0.007714033126831
844,0.007714033126831
845,0.007714033126831
846,-0.01071310043335
847,-0.01071310043335
848,0.034720897674561
849,0.034720897674561
850,0.034720897674561
851,0.03174614906311
852,0.03174614906311
853,0.010498046875
854,0.010498046875
855,0.010498046875
856,0.015466928482056
857,0.015466928482056
858,0.015466928482056
859,-0.007804870605469
860,-0.007804870605469
861,-0.007804870605469
862,0.02125096321106
863,0.02125096321106
864,-0.007568836212158
865,-0.007568836212158
866,-0.007568836212158
867,0.000687122344971
868,0.000687122344971
869,0.000275850296021
870,0.000275850296021
871,0.000275850296021
872,0.00493311882019
873,0.00493311882019
874,0.00493311882019
875,-0.003732204437256
876,-0.003732204437256
877,-0.003732204437256
878,0.003031969070435
879,0.003031969070435
880,0.003031969070435
881,-0.003999948501587
882,-0.003999948501587
883,0.013307094573975
884,0.013307094573975
885,0.010066032409668
886,0.010066032409668
887,0.010066032409668
888,0.010205984115601
889,0.010205984115601
890,0.003421068191528
891,0.003421068191528
892,-0.000723123550415
893,-0.000723123550415
894,-0.000723123550415
895,-0.006906986236572
896,-0.006906986236572
897,-0.006906986236572
898,0.00832200050354
899,0.00832200050354
900,-0.005251884460449
901,-0.005251884460449
902,-0.003509998321533
903,-0.003509998321533
904,-0.003509998321533
905,-0.010181188583374
906,-0.010181188583374
907,-0.004005908966064
908,-0.004005908966064
909,0.010242938995361
910,0.010242938995361
911,0.008168935775757
912,0.008168935775757
913,0.008168935775757
914,0.009787082672119
915,0.009787082672119
916,0.009787082672119
917,0.005604982376099
918,0.005604982376099
919,0.005604982376099
920,-0.005559921264648
921,-0.005559921264648
922,-0.005559921264648
923,0.012647151947022
924,0.012647151947022
925,0.012647151947022
926,0.015366077423096
927,0.015366077423096
928,0.015366077423096
929,-0.007894039154053
930,-0.007894039154053
931,-0.007894039154053
932,0.012322187423706
933,0.012322187423706
934,0.009063005447388
935,0.009063005447388
936,0.009063005447388
937,-0.001925945281982
938,-0.001925945281982
939,0.008582830429077
940,0.008582830429077
941,0.008582830429077
942,0.00623893737793
943,0.00623893737793
944,0.00623893737793
945,0.009910106658936
946,0.009910106658936
947,0.009910106658936
948,-0.004113912582397
949,-0.004113912582397
950,-0.004113912582397
951,-0.003446817398071
952,-0.003446817398071
953,-0.003446817398071
954,0.008273124694824
955,0.008273124694824
956,0.008273124694824
957,-0.009994029998779
958,-0.009994029998779
959,0.008878946304321
960,0.008878946304321
961,0.008878946304321
962,-0.00639796257019
963,-0.00639796257019
964,-0.00639796257019
965,0.003289937973022
966,0.003289937973022
967,0.003289937973022
968,0.015760898590088
969,0.015760898590088
970,0.015760898590088
971,0.011526107788086
972,0.011526107788086
973,0.011526107788086
974,0.0122549533844
975,0.0122549533844
976,0.0122549533844
977,-0.005524158477783
978,-0.005524158477783
979,-0.005524158477783
980,0.016308069229126
981,0.016308069229126
982,0.016308069229126
983,-0.003067016601563
984,-0.003067016601563
985,-0.003067016601563
986,-0.003206014633179
987,-0.003206014633179
988,-0.003206014633179
989,0.011780023574829
990,0.011780023574829
991,0.011780023574829
992,3.21865081787109E-05
993,3.21865081787109E-05
994,0.012465953826904
995,0.012465953826904
996,0
997,0
998,0
999,0.009890079498291
1000,0.009890079498291
1001,0.019269943237305
1002,0.019269943237305
1003,0.019269943237305
1004,-0.007542848587036
1005,-0.007542848587036
1006,0.001229047775269
1007,0.001229047775269
1008,-0.011032104492188
1009,-0.011032104492188
1010,0.013456106185913
1011,0.013456106185913
1012,0.013456106185913
1013,0.032784938812256
1014,0.032784938812256
1015,0.032784938812256
1016,0.018753051757813
1017,0.018753051757813
1018,0.018753051757813
1019,0.01715087890625
1020,0.01715087890625
1021,0.01715087890625
1022,-0.003884077072144
1023,-0.003884077072144
1024,-0.003884077072144
1025,0.009338140487671
1026,0.009338140487671
1027,0.009338140487671
1028,0.006070137023926
1029,0.006070137023926
1030,0.006070137023926
1031,0.000388145446777
1032,0.000388145446777
1033,0.007817029953003
1034,0.007817029953003
1035,0.007817029953003
1036,-0.008230924606323
1037,-0.008230924606323
1038,-0.008230924606323
1039,0.016670227050781
1040,0.016670227050781
1041,0.016670227050781
1042,0.010488986968994
1043,0.010488986968994
1044,0.010488986968994
1045,-0.004703044891357
1046,-0.004703044891357
1047,-0.004703044891357
1048,0.008039951324463
1049,0.008039951324463
1050,0.008039951324463
1051,0.003787040710449
1052,0.003787040710449
1053,0.003787040710449
1054,-0.003367900848389
1055,-0.003367900848389
1056,-0.003367900848389
1057,-0.002732992172241
1058,-0.002732992172241
1059,-0.002732992172241
1060,0.010133981704712
1061,0.010133981704712
1062,0.010133981704712
1063,-0.002110958099365
1064,-0.002110958099365
1065,-0.002110958099365
1066,0.007587909698486
1067,0.007587909698486
1068,0.007587909698486
1069,0.028369188308716
1070,0.028369188308716
1071,0.028369188308716
1072,0.005380153656006
1073,0.005380153656006
1074,0.011327028274536
1075,0.011327028274536
1076,0.011327028274536
1077,-0.007607936859131
1078,-0.007607936859131
1079,0.013018131256104
1080,0.013018131256104
1081,0.013018131256104
1082,-0.000971078872681
1083,-0.000971078872681
1084,-0.000971078872681
1085,0.008527994155884
1086,0.008527994155884
1087,0.008527994155884
1088,0.006285905838013
1089,0.006285905838013
1090,0.006285905838013
1091,0.01555609703064
1092,0.01555609703064
1093,0.01555609703064
1094,-0.004709005355835
1095,-0.004709005355835
1096,-0.004709005355835
1097,0.001002073287964
1098,0.001002073287964
1099,-0.004748106002808
1100,-0.004748106002808
1101,-0.010481834411621
1102,-0.010481834411621
1103,-0.008694887161255
1104,-0.008694887161255
1105,-0.008694887161255
1106,0.000175952911377
1107,0.000175952911377
1108,0.000175952911377
1109,-0.005073070526123
1110,-0.005073070526123
1111,-0.005073070526123
1112,-0.01067590713501
1113,-0.01067590713501
1114,0.00841212272644
1115,0.00841212272644
1116,-0.003695964813232
1117,-0.003695964813232
1118,0.010365962982178
1119,0.010365962982178
1120,0.005666971206665
1121,0.005666971206665
1122,-0.01020097732544
1123,-0.01020097732544
1124,0.000541925430298
1125,0.000541925430298
1126,0.000541925430298
1127,-0.006626129150391
1128,-0.006626129150391
1129,-0.006626129150391
1130,-0.001294851303101
1131,-0.001294851303101
1132,-0.001609802246094
1133,-0.001609802246094
1134,-0.001609802246094
1135,0.012723922729492
1136,0.012723922729492
1137,0.006984949111938
1138,0.006984949111938
1139,-0.004785060882568
1140,-0.004785060882568
1141,0.000715017318726
1142,0.000715017318726
1143,0.018737077713013
1144,0.018737077713013
1145,0.014420032501221
1146,0.014420032501221
1147,0.014420032501221
1148,-0.005908012390137
1149,-0.005908012390137
1150,-0.005908012390137
1151,0.004678010940552
1152,0.004678010940552
1153,0.004678010940552
1154,0.017884969711304
1155,0.017884969711304
1156,-0.002840042114258
1157,-0.002840042114258
1158,0.004333972930908
1159,0.004333972930908
1160,-0.001283884048462
1161,-0.001283884048462
1162,0.010367870330811
1163,0.010367870330811
1164,0.010367870330811
1165,0.006093978881836
1166,0.006093978881836
1167,0.006093978881836
1168,0.000302791595459
1169,0.000302791595459
1170,-0.008960962295532
1171,-0.008960962295532
1172,-0.008960962295532
1173,0.011383056640625
1174,0.011383056640625
1175,0.006193161010742
1176,0.006193161010742
1177,0.006193161010742
1178,0.003421068191528
1179,0.003421068191528
1180,0.000589847564697
1181,0.000589847564697
1182,-0.000534057617188
1183,-0.000534057617188
1184,-0.000534057617188
1185,0.010156869888306
1186,0.010156869888306
1187,0.010156869888306
1188,0.015370845794678
1189,0.015370845794678
1190,0.014809846878052
1191,0.014809846878052
1192,0.018356800079346
1193,0.018356800079346
1194,0.018356800079346
1195,-0.006200075149536
1196,-0.006200075149536
1197,0.00448489189148
1198,0.00448489189148
1199,0.00448489189148
1200,-0.008214950561523
1201,-0.008214950561523
1202,-0.008214950561523
1203,-0.004446983337402
1204,-0.004446983337402
1205,-0.004446983337402
1206,0.01009202003479
1207,0.01009202003479
1208,0.01009202003479
1209,0.01009202003479
1210,-0.007900953292847
1211,-0.007900953292847
1212,-0.007900953292847
1213,0.007778882980347
1214,0.007778882980347
1215,0.007778882980347
1216,0.000744104385376
1217,0.000744104385376
1218,-0.00990891456604
1219,-0.00990891456604
1220,0.005840063095093
1221,0.005840063095093
1222,0.005840063095093
1223,0.03445291519165
1224,0.03445291519165
1225,0.037739038467407
1226,0.037739038467407
1227,0.037739038467407
1228,0.023622035980225
1229,0.023622035980225
1230,0.010270833969116
1231,0.010270833969116
1232,0.023943901062012
1233,0.023943901062012
1234,0.023943901062012
1235,-0.011415958404541
1236,-0.011415958404541
1237,0.000862121582031
1238,0.000862121582031
1239,0.000862121582031
1240,0.032005071640015
1241,0.032005071640015
1242,0.019437789916992
1243,0.019437789916992
1244,0.019437789916992
1245,0.018764972686768
1246,0.018764972686768
1247,0.018764972686768
1248,-0.012057065963745
1249,-0.012057065963745
1250,0.007446050643921
1251,0.007446050643921
1252,0.010904788970947
1253,0.010904788970947
1254,0.010904788970947
1255,0.02272891998291
1256,0.02272891998291
1257,0.000268936157227
1258,0.000268936157227
1259,0.010626077651978
1260,0.010626077651978
1261,0.010626077651978
1262,-0.011730194091797
1263,-0.011730194091797
1264,0.023924112319946
1265,0.023924112319946
1266,-0.006511926651001
1267,-0.006511926651001
1268,0.012243986129761
1269,0.012243986129761
1270,0.012243986129761
1271,0.003887891769409
1272,0.003887891769409
1273,0.003887891769409
1274,0.004714965820313
1275,0.004714965820313
1276,0.004714965820313
1277,-0.008602142333984
1278,-0.008602142333984
1279,-0.008602142333984
1280,-0.009346008300781
1281,-0.009346008300781
1282,0.007184982299805
1283,0.007184982299805
1284,0.007184982299805
1285,0.002615928649902
1286,0.002615928649902
1287,0.002615928649902
1288,0.001515865325928
1289,0.001515865325928
1290,0.00589394569397
1291,0.00589394569397
1292,0.001074075698853
1293,0.001074075698853
1294,0.015171051025391
1295,0.015171051025391
1296,0.015171051025391
1297,-0.009154081344605
1298,-0.009154081344605
1299,-0.009154081344605
1300,0.002584934234619
1301,0.002584934234619
1302,0.002584934234619
1303,0.010308027267456
1304,0.010308027267456
1305,0.010308027267456
1306,-0.003176212310791
1307,-0.003176212310791
1308,-0.003176212310791
1309,0.009047985076904
1310,0.009047985076904
1311,0.009738922119141
1312,0.009738922119141
1313,0.009738922119141
1314,-0.011353969573975
1315,-0.011353969573975
1316,0.009728908538818
1317,0.009728908538818
1318,0.000216007232666
1319,0.000216007232666
1320,0.000216007232666
1321,-0.011246919631958
1322,-0.011246919631958
1323,-0.001459121704102
1324,-0.001459121704102
1325,-0.001459121704102
1326,0.003715038299561
1327,0.003715038299561
1328,0.003715038299561
1329,-0.005980968475342
1330,-0.005980968475342
1331,0.000354051589966
1332,0.000354051589966
1333,0.011997938156128
1334,0.011997938156128
1335,0.011997938156128
1336,-0.005188941955566
1337,-0.005188941955566
1338,-0.005188941955566
1339,0.004108905792236
1340,0.004108905792236
1341,0.013735055923462
1342,0.013735055923462
1343,0.013735055923462
1344,0.014752149581909
1345,0.014752149581909
1346,-0.005498170852661
1347,-0.005498170852661
1348,-0.008733034133911
1349,-0.008733034133911
1350,-0.008733034133911
1351,0.012443065643311
1352,0.012443065643311
1353,-0.006778955459595
1354,-0.006778955459595
1355,-0.006778955459595
1356,0.009309053421021
1357,0.009309053421021
1358,0.009309053421021
1359,-0.008490085601807
1360,-0.008490085601807
1361,0.004757165908813
1362,0.004757165908813
1363,0.004757165908813
1364,-0.00068998336792
1365,-0.00068998336792
1366,0.014961957931519
1367,0.014961957931519
1368,0.014961957931519
1369,-0.001777172088623
1370,-0.001777172088623
1371,0.001733064651489
1372,0.001733064651489
1373,0.001733064651489
1374,0.00504994392395
1375,0.00504994392395
1376,0.00097393989563
1377,0.00097393989563
1378,0.00097393989563
1379,0.005243062973022
1380,0.005243062973022
1381,0.000982999801636
1382,0.000982999801636
1383,0.000982999801636
1384,0.006815910339355
1385,0.006815910339355
1386,0.006815910339355
1387,-0.004299163818359
1388,-0.004299163818359
1389,-0.004299163818359
1390,-0.008440971374512
1391,-0.008440971374512
1392,-0.008440971374512
1393,0.000726938247681
1394,0.000726938247681
1395,-0.004094839096069
1396,-0.004094839096069
1397,-0.004094839096069
1398,0.001226902008057
1399,0.001226902008057
1400,-0.007492065429688
1401,-0.007492065429688
1402,-0.007492065429688
1403,-0.010448932647705
1404,-0.010448932647705
1405,0.003849029541016
1406,0.003849029541016
1407,-0.004448175430298
1408,-0.004448175430298
1409,-0.004448175430298
1410,-0.007316112518311
1411,-0.007316112518311
1412,0.000828981399536
1413,0.000828981399536
1414,0.005535125732422
1415,0.005535125732422
1416,0.005535125732422
1417,0.010401010513306
1418,0.010401010513306
1419,0.010401010513306
1420,-0.003839015960693
1421,-0.003839015960693
1422,-0.003839015960693
1423,-0.004423141479492
1424,-0.004423141479492
1425,-0.004423141479492
1426,0.012521982192993
1427,0.012521982192993
1428,0.023699998855591
1429,0.023699998855591
1430,0.023699998855591
1431,0.011397123336792
1432,0.011397123336792
1433,0.011397123336792
1434,0.044605970382691
1435,0.044605970382691
1436,0.044605970382691
1437,0.011579990386963
1438,0.011579990386963
1439,0.011579990386963
1440,-0.003411054611206
1441,-0.003411054611206
1442,-0.011189937591553
1443,-0.011189937591553
1444,0.002148866653442
1445,0.002148866653442
1446,-0.00800085067749
1447,-0.00800085067749
1448,-0.006758213043213
1449,-0.006758213043213
1450,-0.002557039260864
1451,-0.002557039260864
1452,0.001718997955322
1453,0.001718997955322
1454,0.002947092056274
1455,0.002947092056274
1456,0.004124879837036
1457,0.004124879837036
1458,0.002490997314453
1459,0.002490997314453
1460,-0.003331899642944
1461,-0.003331899642944
1462,0.005445003509521
1463,0.005445003509521
1464,0.005445003509521
1465,0.011702060699463
1466,0.011702060699463
1467,0.010231971740723
1468,0.010231971740723
1469,0.010231971740723
1470,0.02590012550354
1471,0.02590012550354
1472,-0.009577035903931
1473,-0.009577035903931
1474,-0.009577035903931
1475,0.007117033004761
1476,0.007117033004761
1477,0.007117033004761
1478,0.007153987884521
1479,0.007153987884521
1480,-0.008630037307739
1481,-0.008630037307739
1482,0.008013010025024
1483,0.008013010025024
1484,0.008013010025024
1485,-0.009126901626587
1486,-0.009126901626587
1487,-0.009126901626587
1488,-0.011437177658081
1489,-0.011437177658081
1490,-0.001009941101074
1491,-0.001009941101074
1492,-0.002429962158203
1493,-0.002429962158203
1494,-0.002429962158203
1495,-0.00562596321106
1496,-0.00562596321106
1497,-0.00562596321106
1498,0.012417793273926
1499,0.012417793273926
1500,0.012417793273926
1501,-0.003607034683228
1502,-0.003607034683228
1503,-0.003607034683228
1504,0.00215482711792
1505,0.00215482711792
1506,0.00215482711792
1507,0.000845909118652
1508,0.000845909118652
1509,0.000845909118652
1510,0.004528999328613
1511,0.004528999328613
1512,0.004528999328613
1513,-0.007040023803711
1514,-0.007040023803711
1515,-0.007040023803711
1516,-0.009397029876709
1517,-0.009397029876709
1518,-0.005090951919556
1519,-0.005090951919556
1520,-0.005612134933472
1521,-0.005612134933472
1522,-0.005612134933472
1523,0.030274152755737
1524,0.030274152755737
1525,0.030274152755737
1526,0.000557899475098
1527,0.000557899475098
1528,0.000557899475098
1529,0.063377857208252
1530,0.063377857208252
1531,0.063377857208252
1532,0.032382011413574
1533,0.032382011413574
1534,0.016507863998413
1535,0.016507863998413
1536,0.012823820114136
1537,0.012823820114136
1538,0.012823820114136
1539,0.018404960632324
1540,0.018404960632324
1541,0.003876924514771
1542,0.003876924514771
1543,0.006277799606323
1544,0.006277799606323
1545,-0.002138137817383
1546,-0.002138137817383
1547,-0.002138137817383
1548,0.025070905685425
1549,0.025070905685425
1550,0.0138840675354
1551,0.0138840675354
1552,0.0138840675354
1553,-0.004951953887939
1554,-0.004951953887939
1555,0.023725986480713
1556,0.023725986480713
1557,0.023725986480713
1558,-0.000783920288086
1559,-0.000783920288086
1560,-0.007566928863525
1561,-0.007566928863525
1562,-0.001276016235352
1563,-0.001276016235352
1564,0.01342511177063
1565,0.01342511177063
1566,0.01342511177063
1567,0.012497901916504
1568,0.012497901916504
1569,0.012497901916504
1570,0.005726099014282
1571,0.005726099014282
1572,-0.006814002990723
1573,-0.006814002990723
1574,-0.006731986999512
1575,-0.006731986999512
1576,-0.006577968597412
1577,-0.006577968597412
1578,0.002143859863281
1579,0.002143859863281
1580,0.002143859863281
1581,0.013290882110596
1582,0.013290882110596
1583,0.013290882110596
1584,0.004974842071533
1585,0.004974842071533
1586,0.004974842071533
1587,0.013040065765381
1588,0.013040065765381
1589,0.013040065765381
1590,0.002506971359253
1591,0.002506971359253
1592,0.019793033599854
1593,0.019793033599854
1594,0.012913942337036
1595,0.012913942337036
1596,0.012913942337036
1597,0.021611928939819
1598,0.021611928939819
1599,0.021611928939819
1600,0.008416175842285
1601,0.008416175842285
1602,0.008416175842285
1603,-0.002096176147461
1604,-0.002096176147461
1605,-0.002096176147461
1606,0.02045488357544
1607,0.02045488357544
1608,-0.000102043151855
1609,-0.000102043151855
1610,-0.000102043151855
1611,0.010438919067383
1612,0.010438919067383
1613,-0.009459018707275
1614,-0.009459018707275
1615,-0.009459018707275
1616,0.007938146591187
1617,0.007938146591187
1618,-0.006924867630005
1619,-0.006924867630005
1620,-0.006924867630005
1621,0.000668048858643
1622,0.000668048858643
1623,0.000668048858643
1624,0.030500888824463
1625,0.030500888824463
1626,0.030500888824463
1627,0.036041021347046
1628,0.036041021347046
1629,0.036041021347046
1630,0.034449100494385
1631,0.034449100494385
1632,0.034449100494385
1633,0.018993854522705
1634,0.018993854522705
1635,0.018993854522705
1636,0.036968946456909
1637,0.036968946456909
1638,0.036968946456909
1639,-0.00970983505249
1640,-0.00970983505249
1641,-0.00970983505249
1642,0.00262713432312
1643,0.00262713432312
1644,0.021813154220581
1645,0.021813154220581
1646,0.004944086074829
1647,0.004944086074829
1648,-0.003262042999268
1649,-0.003262042999268
1650,0.026324987411499
1651,0.026324987411499
1652,0.026324987411499
1653,-0.01009202003479
1654,-0.01009202003479
1655,-0.01009202003479
1656,0.03800106048584
1657,0.03800106048584
1658,0.03800106048584
1659,-0.009443044662476
1660,-0.009443044662476
1661,-0.009443044662476
1662,0.008697032928467
1663,0.008697032928467
1664,0.008697032928467
1665,-0.003643989562988
1666,-0.003643989562988
1667,-0.003643989562988
1668,-0.010255098342896
1669,-0.010255098342896
1670,0.0049889087677
1671,0.0049889087677
1672,-0.007702827453613
1673,-0.007702827453613
1674,0.007398128509521
1675,0.007398128509521
1676,0.00283694267273
1677,0.00283694267273
1678,-0.001808881759644
1679,-0.001808881759644
1680,-0.010638952255249
1681,-0.010638952255249
1682,-0.010638952255249
1683,0.005093097686768
1684,0.005093097686768
1685,0.005093097686768
1686,-0.004360914230347
1687,-0.004360914230347
1688,-0.004360914230347
1689,-0.010646104812622
1690,-0.010646104812622
1691,-0.010646104812622
